number ; verb/word ; additionalInfo ; url
1;0.0603826401736;Elektrohelfer (m/w), bautec Gesellschaft für Zeitarbeit mbH, Radevormwald, Full Time;https://www.jopago.com/jobs/4815015-elektrohelfer-m-w-bei-bautec-gesellschaft-fur-zeitarbeit-mbh
2;0.0946056848548;FACHLAGERIST (m/w), ONE JOBS GmbH, Nürnberg, Full Time;https://www.jopago.com/jobs/4815018-fachlagerist-m-w-bei-one-jobs-gmbh
3;0.0171443628451;Maschinenbedienr (m/w), IZS Personal e.K., Schelklingen, Full Time;https://www.jopago.com/jobs/4815021-maschinenbedienr-m-w-bei-izs-personal-e-k
4;0.0342581354522;Sachbearbeiter/in Einkauf Rohstoffe (m/w), Cobalt Recruitment, Bayern, Full Time;https://www.jopago.com/jobs/4757864-sachbearbeiter-in-einkauf-rohstoffe-m-w-bei-cobalt-recruitment
5;0.0396302570216;Spezialist (m/w) für Nebenkostenabrechnung / Property Management, Cobalt Recruitment, Nordrhein-Westfalen, Full Time;https://www.jopago.com/jobs/4757827-spezialist-m-w-fur-nebenkostenabrechnung-property-management-bei-cobalt-recruitment
6;0.0642338660018;Property- / Vertragsmanager Gewerbimmobilien (m/w), Cobalt Recruitment, Deutschland, Full Time;https://www.jopago.com/jobs/4758027-property-vertragsmanager-gewerbimmobilien-m-w-bei-cobalt-recruitment
7;0.0785615656595;Senior Business Analyst (m/w), Cobalt Recruitment, Berlin, Full Time;https://www.jopago.com/jobs/4757988-senior-business-analyst-m-w-bei-cobalt-recruitment
8;0.0186251166164;Projektleiter (m/w) TGA Fachplanung, Cobalt Recruitment, Nordrhein-Westfalen, Full Time;https://www.jopago.com/jobs/4758080-projektleiter-m-w-tga-fachplanung-bei-cobalt-recruitment
9;0.0356775321509;Rettungsassistent/in, avanti GmbH NL Köln, Köln, Full Time;https://www.jopago.com/jobs/4759472-rettungsassistent-in-bei-avanti-gmbh-nl-koln
10;0.0561687458779;(Senior-Analyst) Acquisitions & Corporate Finance, Cobalt Recruitment, Deutschland, Full Time;https://www.jopago.com/jobs/4796283-senior-analyst-acquisitions-corporate-finance-bei-cobalt-recruitment
11;0.043382121151;Wertstoffprüfer/in, avanti GmbH NL Köln, Leverkusen, Full Time;https://www.jopago.com/jobs/4802869-wertstoffprufer-in-bei-avanti-gmbh-nl-koln
12;0.0516339351705;Job / Nebenjob als mobiler Polsterreiniger (m/w) deutschlandweit, Polsterando GmbH, Stuttgart, Full Time;https://www.jopago.com/jobs/4802857-job-nebenjob-als-mobiler-polsterreiniger-m-w-deutschlandweit-bei-polsterando-gmbh
13;0.0474157122187;Innenarchitekt (m/w) kreativ/funktional, Cobalt Recruitment, Hamburg, Full Time;https://www.jopago.com/jobs/4794878-innenarchitekt-m-w-kreativ-funktional-bei-cobalt-recruitment
14;0.0386870422936;REINIGUNGSKRAFT (m/w) Minijob 450,- EUR, ONE JOBS GmbH, Erlangen, Full Time;https://www.jopago.com/jobs/4826072-reinigungskraft-m-w-minijob-450-eur-bei-one-jobs-gmbh
15;0.0362993286906;Spezialist (m/w) für Nebenkostenabrechnung/Property Management, Cobalt Recruitment, Hamburg, Full Time;https://www.jopago.com/jobs/4825910-spezialist-m-w-fur-nebenkostenabrechnung-property-management-bei-cobalt-recruitment
16;0.0519331702428;Assistenz (m/w) der Geschäftsführung, Cobalt Recruitment, Deutschland, Full Time;https://www.jopago.com/jobs/4818296-assistenz-m-w-der-geschaftsfuhrung-bei-cobalt-recruitment
17;0.0264678444929;Managing Director | Head of Finance Deutschland, Cobalt Recruitment, Deutschland, Full Time;https://www.jopago.com/jobs/4818388-managing-director-head-of-finance-deutschland-bei-cobalt-recruitment
18;0.0344888670373;Bauleiter (m/w) Tief- und Straßenbau, Cobalt Recruitment, Baden-Württemberg, Full Time;https://www.jopago.com/jobs/4822824-bauleiter-m-w-tief-und-strassenbau-bei-cobalt-recruitment
19;0.0819793848486;WERKZEUGMECHANIKER (m/w), ONE JOBS GmbH, Fürth, Full Time;https://www.jopago.com/jobs/4821606-werkzeugmechaniker-m-w-bei-one-jobs-gmbh
20;0.0709617639042;CNC-FRÄSER (m/w), ONE JOBS GmbH, Erlangen, Full Time;https://www.jopago.com/jobs/4821596-cnc-fraser-m-w-bei-one-jobs-gmbh
21;0.0474157122187;Innenarchitekt (m/w) kreativ/funktional, Cobalt Recruitment, Hamburg, Full Time;https://www.jopago.com/jobs/4794878-innenarchitekt-m-w-kreativ-funktional-bei-cobalt-recruitment
22;0.0877664879779;MASCHINENEINSTELLER (m/w), ONE JOBS GmbH, Nürnberg, Full Time;https://www.jopago.com/jobs/4789324-maschineneinsteller-m-w-bei-one-jobs-gmbh
23;0.0479817022339;Mitarbeiter Anwendungstechnik Geschäftsbereich Composites m/w, KREMPEL GmbH, Vaihingen/Enz, Full Time;https://www.jopago.com/jobs/4783533-mitarbeiter-anwendungstechnik-geschaftsbereich-composites-m-w-bei-krempel-gmbh
24;0.00902248289345;Mitarbeiter Backstraße m/w, Fallstein-Gruppe, Oschersleben, Full Time;https://www.jopago.com/jobs/4783525-mitarbeiter-backstrasse-m-w-bei-fallstein-gruppe
25;0.0598369632692;Heilerziehungspfleger (m/w) in Zwenkau, Extra-Personalservice GmbH, Zwenkau, Full Time;https://www.jopago.com/jobs/4783573-heilerziehungspfleger-m-w-in-zwenkau-bei-extra-personalservice-gmbh
26;0.0790833395048;KFZ-Mechanikermeister, Wollny Personal GmbH, Hannover, Full Time;https://www.jopago.com/jobs/4783578-kfz-mechanikermeister-bei-wollny-personal-gmbh
27;0.0755464814657;Berater (m/w) Office Vermietung, Cobalt Recruitment, Nordrhein-Westfalen, Full Time;https://www.jopago.com/jobs/4792108-berater-m-w-office-vermietung-bei-cobalt-recruitment
28;0.0337361194504;Schlosser/in, avanti GmbH NL Köln, Köln, Full Time;https://www.jopago.com/jobs/4793010-schlosser-in-bei-avanti-gmbh-nl-koln
29;0.0249925428938;Schlosser/in, avanti GmbH NL Köln, Radevormwald, Full Time;https://www.jopago.com/jobs/4793009-schlosser-in-bei-avanti-gmbh-nl-koln
30;0.0516339351705;Job / Nebenjob als mobiler Polsterreiniger (m/w) deutschlandweit, Polsterando GmbH, Stuttgart, Full Time;https://www.jopago.com/jobs/4802857-job-nebenjob-als-mobiler-polsterreiniger-m-w-deutschlandweit-bei-polsterando-gmbh
31;0.043382121151;Wertstoffprüfer/in, avanti GmbH NL Köln, Leverkusen, Full Time;https://www.jopago.com/jobs/4802869-wertstoffprufer-in-bei-avanti-gmbh-nl-koln
32;0.0344888670373;Bauleiter (m/w) Tief- und Straßenbau, Cobalt Recruitment, Baden-Württemberg, Full Time;https://www.jopago.com/jobs/4822824-bauleiter-m-w-tief-und-strassenbau-bei-cobalt-recruitment
33;0.0304497891454;Löter (m/w) - SMD -Bestücker (m/w), Extra-Personalservice GmbH, Hamburg, Full Time;https://www.jopago.com/jobs/4824012-loter-m-w-smd-bestucker-m-w-bei-extra-personalservice-gmbh
34;0.0236549942432;(Senior) Facility Manager (m/w) in Hamburg, Cobalt Recruitment, Hamburg, Full Time;https://www.jopago.com/jobs/4827936-senior-facility-manager-m-w-in-hamburg-bei-cobalt-recruitment
35;0.0353805453805;Senior Accountant (m/w), Cobalt Recruitment, Berlin, Full Time;https://www.jopago.com/jobs/4827931-senior-accountant-m-w-bei-cobalt-recruitment
36;0.0373334046287;Kaufmännischer Mitarbeiter (m/w) im Asset Management, Cobalt Recruitment, Berlin, Full Time;https://www.jopago.com/jobs/4827686-kaufmannischer-mitarbeiter-m-w-im-asset-management-bei-cobalt-recruitment
37;0.0289274315997;Corporate Accountant (m/w), Cobalt Recruitment, Berlin, Full Time;https://www.jopago.com/jobs/4827697-corporate-accountant-m-w-bei-cobalt-recruitment
38;0.0733354450143;Projektassistenz (m/w), Cobalt Recruitment, Bayern, Full Time;https://www.jopago.com/jobs/4827673-projektassistenz-m-w-bei-cobalt-recruitment
39;0.0399165867916;SPS-Programmierer (m/w), Cobalt Recruitment, Baden-Württemberg, Full Time;https://www.jopago.com/jobs/4827786-sps-programmierer-m-w-bei-cobalt-recruitment
40;0.0443987728724;Kreditreferent (m/w) bei einem Investor/Family Office, Cobalt Recruitment, Sachsen, Full Time;https://www.jopago.com/jobs/4827776-kreditreferent-m-w-bei-einem-investor-family-office-bei-cobalt-recruitment
41;0.049785743209;Bilanzbuchhalter Projektentwicklung (m/w), Cobalt Recruitment, Sachsen, Full Time;https://www.jopago.com/jobs/4827795-bilanzbuchhalter-projektentwicklung-m-w-bei-cobalt-recruitment
42;0.0249945852285;Architekt (m/w) auf Bauherrenseite, Cobalt Recruitment, Nordrhein-Westfalen, Full Time;https://www.jopago.com/jobs/4827804-architekt-m-w-auf-bauherrenseite-bei-cobalt-recruitment
43;0.0276559454191;Projektleiter (m/w) Hochbau auf Bauherrenseite, Cobalt Recruitment, Nordrhein-Westfalen, Full Time;https://www.jopago.com/jobs/4827806-projektleiter-m-w-hochbau-auf-bauherrenseite-bei-cobalt-recruitment
44;0.0438661642222;Junior Finance Manager (m/w), Cobalt Recruitment, Bayern, Full Time;https://www.jopago.com/jobs/4827868-junior-finance-manager-m-w-bei-cobalt-recruitment
45;0.0701991147526;Financial Controller (m/w), Cobalt Recruitment, Hessen, Full Time;https://www.jopago.com/jobs/4827919-financial-controller-m-w-bei-cobalt-recruitment
46;0.0231040564374;Buchhalter (m/w), Cobalt Recruitment, Hamburg, Full Time;https://www.jopago.com/jobs/4827922-buchhalter-m-w-bei-cobalt-recruitment
47;0.0321675681447;Bauleiter (m/w) Spezialtiefbau, Cobalt Recruitment, Bayern, Full Time;https://www.jopago.com/jobs/4827881-bauleiter-m-w-spezialtiefbau-bei-cobalt-recruitment
48;0.0309541195396;Brandschutz-ingenieur (m/w), Cobalt Recruitment, Nordrhein-Westfalen, Full Time;https://www.jopago.com/jobs/4827888-brandschutz-ingenieur-m-w-bei-cobalt-recruitment
49;0.0456020349556;Bilanzbuchhalter, Cobalt Recruitment, Nordrhein-Westfalen, Full Time;https://www.jopago.com/jobs/4827875-bilanzbuchhalter-bei-cobalt-recruitment
50;0.0261332202892;Leiter Technischer Service (m/w), Cobalt Recruitment, Nordrhein-Westfalen, Full Time;https://www.jopago.com/jobs/4827902-leiter-technischer-service-m-w-bei-cobalt-recruitment
51;0.0475586611456;Elektroniker (m/w) - Energie- und Gebäudetechnik, F & G Personal GmbH Kassel, Kassel, Full Time;https://www.jopago.com/jobs/4827974-elektroniker-m-w-energie-und-gebaudetechnik-bei-f-g-personal-gmbh-kassel
52;0.0433036993096;Property-Manager (m/w) Logistics & Industrial Real Estate, Cobalt Recruitment, Nordrhein-Westfalen, Full Time;https://www.jopago.com/jobs/4751151-property-manager-m-w-logistics-industrial-real-estate-bei-cobalt-recruitment
53;0.0237080429926;Transaktionsmanager (m/w), Cobalt Recruitment, Hamburg, Full Time;https://www.jopago.com/jobs/4751215-transaktionsmanager-m-w-bei-cobalt-recruitment
54;0.0360371741373;Teamleiter (m/w) Property Management Gewerbe & Wohnen, Cobalt Recruitment, Hessen, Full Time;https://www.jopago.com/jobs/4751235-teamleiter-m-w-property-management-gewerbe-wohnen-bei-cobalt-recruitment
55;0.0526504243416;Rechtsanwalt/ Associate (m/w) Baurecht, Cobalt Recruitment, Berlin, Full Time;https://www.jopago.com/jobs/4754260-rechtsanwalt-associate-m-w-baurecht-bei-cobalt-recruitment
56;0.0501783867625;MTA (m/w), agilitas GmbH Personaldienstleistung, Pforzheim, Full Time;https://www.jopago.com/jobs/4755338-mta-m-w-bei-agilitas-gmbh-personaldienstleistung
57;0.0683590102708;Lagermitarbeiter m/w, Fallstein-Gruppe, Neuruppin, Full Time;https://www.jopago.com/jobs/4755358-lagermitarbeiter-m-w-bei-fallstein-gruppe
58;0.0143210466005;Lagerhelfer/-in für Medizintechnik, Fallstein-Gruppe, Halberstadt, Full Time;https://www.jopago.com/jobs/4755353-lagerhelfer-in-fur-medizintechnik-bei-fallstein-gruppe
59;0.0479817022339;Mitarbeiter Anwendungstechnik Geschäftsbereich Composites m/w, KREMPEL GmbH, Vaihingen/Enz, Full Time;https://www.jopago.com/jobs/4783533-mitarbeiter-anwendungstechnik-geschaftsbereich-composites-m-w-bei-krempel-gmbh
60;0.00902248289345;Mitarbeiter Backstraße m/w, Fallstein-Gruppe, Oschersleben, Full Time;https://www.jopago.com/jobs/4783525-mitarbeiter-backstrasse-m-w-bei-fallstein-gruppe
61;0.0598369632692;Heilerziehungspfleger (m/w) in Zwenkau, Extra-Personalservice GmbH, Zwenkau, Full Time;https://www.jopago.com/jobs/4783573-heilerziehungspfleger-m-w-in-zwenkau-bei-extra-personalservice-gmbh
62;0.0790833395048;KFZ-Mechanikermeister, Wollny Personal GmbH, Hannover, Full Time;https://www.jopago.com/jobs/4783578-kfz-mechanikermeister-bei-wollny-personal-gmbh
63;0.0449270397546;Pflegehelfer/in, avanti GmbH NL Köln, Meckenheim, Full Time;https://www.jopago.com/jobs/4775905-pflegehelfer-in-bei-avanti-gmbh-nl-koln
64;0.0449987821992;Pflegehelfer/in, avanti GmbH NL Köln, Bonn, Full Time;https://www.jopago.com/jobs/4775906-pflegehelfer-in-bei-avanti-gmbh-nl-koln
65;0.0301797834086;IT-Systemadministrator (m/w), avanti GmbH NL Köln, Meckenheim, Full Time;https://www.jopago.com/jobs/4775915-it-systemadministrator-m-w-bei-avanti-gmbh-nl-koln
66;0.0605049462808;Maschinen- und Anlagenführer/in, avanti GmbH NL Köln, Leverkusen, Full Time;https://www.jopago.com/jobs/4775909-maschinen-und-anlagenfuhrer-in-bei-avanti-gmbh-nl-koln
67;0.0683575865934;Bauhelfer/in, bautec Gesellschaft für Zeitarbeit mbH, Wipperfürth, Full Time;https://www.jopago.com/jobs/4775902-bauhelfer-in-bei-bautec-gesellschaft-fur-zeitarbeit-mbh
68;0.0489150941937;CNC Fräser/in, avanti GmbH NL Köln, Bergisch Gladbach, Full Time;https://www.jopago.com/jobs/4775971-cnc-fraser-in-bei-avanti-gmbh-nl-koln
69;0.0412152414457;MIG/MAG Schweißer/in, avanti GmbH NL Köln, Leverkusen, Full Time;https://www.jopago.com/jobs/4775920-mig-mag-schweisser-in-bei-avanti-gmbh-nl-koln
70;0.0643131638758;Fachkrankenschwester/pfleger Intensivpflege, avanti GmbH NL Köln, Köln, Full Time;https://www.jopago.com/jobs/4775997-fachkrankenschwester-pfleger-intensivpflege-bei-avanti-gmbh-nl-koln
71;0.129877136752;Fachverkäufer/innen im Lebensmittelbereich (Personalvermittlung), consider it GmbH, Hamburg, Full Time;https://www.jopago.com/jobs/4776071-fachverkaufer-innen-im-lebensmittelbereich-personalvermittlung-bei-consider-it-gmbh
72;0.0649051928464;IT Systemadministrator (m/w) - Personalvermittlung, consider it GmbH, Hamburg, Full Time;https://www.jopago.com/jobs/4776030-it-systemadministrator-m-w-personalvermittlung-bei-consider-it-gmbh
73;0.0449270397546;Pflegehelfer/in, avanti GmbH NL Köln, Meckenheim, Full Time;https://www.jopago.com/jobs/4775905-pflegehelfer-in-bei-avanti-gmbh-nl-koln
74;0.0449987821992;Pflegehelfer/in, avanti GmbH NL Köln, Bonn, Full Time;https://www.jopago.com/jobs/4775906-pflegehelfer-in-bei-avanti-gmbh-nl-koln
75;0.0301797834086;IT-Systemadministrator (m/w), avanti GmbH NL Köln, Meckenheim, Full Time;https://www.jopago.com/jobs/4775915-it-systemadministrator-m-w-bei-avanti-gmbh-nl-koln
76;0.0605049462808;Maschinen- und Anlagenführer/in, avanti GmbH NL Köln, Leverkusen, Full Time;https://www.jopago.com/jobs/4775909-maschinen-und-anlagenfuhrer-in-bei-avanti-gmbh-nl-koln
77;0.102474922194;Mischanlagenführer (m/w) (Asphalt) auch für Quereinsteiger, MeyJob GmbH, Trostberg, Full Time, ;https://www.jopago.com/jobs/4775900-mischanlagenfuhrer-m-w-asphalt-auch-fur-quereinsteiger-bei-meyjob-gmbh
78;0.0683575865934;Bauhelfer/in, bautec Gesellschaft für Zeitarbeit mbH, Wipperfürth, Full Time;https://www.jopago.com/jobs/4775902-bauhelfer-in-bei-bautec-gesellschaft-fur-zeitarbeit-mbh
79;0.0316512747124;Location-Scout (m/w) für die Projektentwicklung, Cobalt Recruitment, Deutschland, Full Time;https://www.jopago.com/jobs/4772611-location-scout-m-w-fur-die-projektentwicklung-bei-cobalt-recruitment
80;0.0305780004309;Bauprojektmanager (m/w) auf Bauherrenseite, Cobalt Recruitment, Nordrhein-Westfalen, Full Time;https://www.jopago.com/jobs/4774784-bauprojektmanager-m-w-auf-bauherrenseite-bei-cobalt-recruitment
81;0.0381583392249;Developer als Projektmanager (m/w), Cobalt Recruitment, Hessen, Full Time;https://www.jopago.com/jobs/4774810-developer-als-projektmanager-m-w-bei-cobalt-recruitment
82;0.0287497224997;Projektassistenz (m/w), Cobalt Recruitment, Hessen, Full Time;https://www.jopago.com/jobs/4774923-projektassistenz-m-w-bei-cobalt-recruitment
83;0.0489150941937;CNC Fräser/in, avanti GmbH NL Köln, Bergisch Gladbach, Full Time;https://www.jopago.com/jobs/4775971-cnc-fraser-in-bei-avanti-gmbh-nl-koln
84;0.0332414635124;Debitorenbuchhalter/in, avanti GmbH NL Köln, Köln, Full Time;https://www.jopago.com/jobs/4775974-debitorenbuchhalter-in-bei-avanti-gmbh-nl-koln
85;0.0412152414457;MIG/MAG Schweißer/in, avanti GmbH NL Köln, Leverkusen, Full Time;https://www.jopago.com/jobs/4775920-mig-mag-schweisser-in-bei-avanti-gmbh-nl-koln
86;0.0588071523075;Gabelstaplerfahrer/in, avanti GmbH NL Köln, Hürth, Full Time;https://www.jopago.com/jobs/4775943-gabelstaplerfahrer-in-bei-avanti-gmbh-nl-koln
87;0.0315218141773;Architekten (m/w), Cobalt Recruitment, Bayern, Full Time;https://www.jopago.com/jobs/4834442-architekten-m-w-bei-cobalt-recruitment
88;0.0590192702874;Specialist Energy Management (m/w), Cobalt Recruitment, Hamburg, Full Time;https://www.jopago.com/jobs/4829806-specialist-energy-management-m-w-bei-cobalt-recruitment
89;0.055647989504;Property Manager (m/w) für Gewerbeimmobilien, Cobalt Recruitment, Hessen, Full Time;https://www.jopago.com/jobs/4829852-property-manager-m-w-fur-gewerbeimmobilien-bei-cobalt-recruitment
90;0.100860045338;Frontend-Entwickler (w/m), REBELLE - StyleRemains GmbH, Hamburg, Full Time;https://www.jopago.com/jobs/4830613-frontend-entwickler-w-m-bei-rebelle-styleremains-gmbh
91;0.0374258880701;Qualitätsprüfer (m/w) im Bereich Elektronik für elektronische Baugruppen, NDT Global GmbH & Co. KG, Stutensee, Full Time;https://www.jopago.com/jobs/4830554-qualitatsprufer-m-w-im-bereich-elektronik-fur-elektronische-baugruppen-bei-ndt-global-gmbh-co-kg
92;0.0547300915907;Koch (m/w), bautec Gesellschaft für Zeitarbeit mbH, Kirchhundem, Full Time;https://www.jopago.com/jobs/4830533-koch-m-w-bei-bautec-gesellschaft-fur-zeitarbeit-mbh
93;0.0612696780344;Lager- und Transporthelfer m/w, ArnoldPersonal GmbH, Landau, Full Time;https://www.jopago.com/jobs/4834759-lager-und-transporthelfer-m-w-bei-arnoldpersonal-gmbh
94;0.0223214285714;Lackierer, IZS Personal e.K., Obermarchtal, Full Time;https://www.jopago.com/jobs/4838336-lackierer-bei-izs-personal-e-k
95;0.0777012747939;Maschinenbediener m/w, ArnoldPersonal GmbH, Haßloch, Full Time;https://www.jopago.com/jobs/4838333-maschinenbediener-m-w-bei-arnoldpersonal-gmbh
96;0.085251257398;Gesundheits- u. Krankenpfleger/in - 17€/h, Dremo Personaldienstleistung GmbH, Dresden, Full Time;https://www.jopago.com/jobs/4838327-gesundheits-u-krankenpfleger-in-17-h-bei-dremo-personaldienstleistung-gmbh
97;0.042806332139;SYSTEM ADMINISTRATOR (M/W) - CAD-SYSTEME, NDT Global GmbH & Co. KG, Stutensee, Full Time;https://www.jopago.com/jobs/4838358-system-administrator-m-w-cad-systeme-bei-ndt-global-gmbh-co-kg
98;0.0659094003529;Bereichsleiter Immobilienberatung Investment (m/w), Cobalt Recruitment, Berlin, Full Time;https://www.jopago.com/jobs/4845873-bereichsleiter-immobilienberatung-investment-m-w-bei-cobalt-recruitment
99;0.0427466331471;Teamleiter (m/w) Projektsteuerung, Cobalt Recruitment, Hamburg, Full Time;https://www.jopago.com/jobs/4845966-teamleiter-m-w-projektsteuerung-bei-cobalt-recruitment
100;0.0356159200969;Property Manager (m/w) Gewerbe, Cobalt Recruitment, Berlin, Full Time;https://www.jopago.com/jobs/4845962-property-manager-m-w-gewerbe-bei-cobalt-recruitment
